Time,Requests
"2015-11-10 23:56:41",1
"2015-11-10 23:56:51",1
"2015-11-10 23:57:47",1
"2015-11-10 23:57:58",1
"2015-11-10 23:58:07",1
"2015-11-10 23:58:09",1
"2015-11-10 23:58:47",1
"2015-11-10 23:58:58",2
"2015-11-10 23:59:04",1
"2015-11-10 23:59:12",1
"2015-11-10 23:59:20",2
"2015-11-10 23:59:28",1
"2015-11-10 23:59:56",1
"2015-11-11 00:00:10",1
"2015-11-11 00:00:12",1
"2015-11-11 00:00:17",1
"2015-11-11 00:00:19",1
"2015-11-11 00:00:21",1
"2015-11-11 00:00:23",1
"2015-11-11 00:00:25",2
"2015-11-11 00:00:27",3
"2015-11-11 00:00:29",1
"2015-11-11 00:00:30",2
"2015-11-11 00:00:32",1
"2015-11-11 00:00:33",1
"2015-11-11 00:00:34",1
"2015-11-11 00:00:36",2
"2015-11-11 00:00:37",2
"2015-11-11 00:00:39",1
"2015-11-11 00:00:40",1
"2015-11-11 00:00:41",4
"2015-11-11 00:00:42",2
"2015-11-11 00:00:43",2
"2015-11-11 00:00:44",2
"2015-11-11 00:00:45",2
"2015-11-11 00:00:46",2
"2015-11-11 00:00:48",2
"2015-11-11 00:00:51",4
"2015-11-11 00:00:52",5
"2015-11-11 00:00:53",2
"2015-11-11 00:00:55",2
"2015-11-11 00:00:56",2
"2015-11-11 00:00:57",1
"2015-11-11 00:00:58",2
"2015-11-11 00:01:00",2
"2015-11-11 00:01:01",3
"2015-11-11 00:01:02",1
"2015-11-11 00:01:03",1
"2015-11-11 00:01:04",1
"2015-11-11 00:01:05",5
"2015-11-11 00:01:06",2
"2015-11-11 00:01:08",2
"2015-11-11 00:01:09",2
"2015-11-11 00:01:10",4
"2015-11-11 00:01:13",5
"2015-11-11 00:01:14",2
"2015-11-11 00:01:15",3
"2015-11-11 00:01:16",2
"2015-11-11 00:01:17",4
"2015-11-11 00:01:18",2
"2015-11-11 00:01:19",3
"2015-11-11 00:01:21",2
"2015-11-11 00:01:22",2
"2015-11-11 00:01:23",3
"2015-11-11 00:01:24",1
"2015-11-11 00:01:25",1
"2015-11-11 00:01:26",1
"2015-11-11 00:01:28",1
"2015-11-11 00:01:29",1
"2015-11-11 00:01:30",1
"2015-11-11 00:01:31",2
"2015-11-11 00:01:32",1
"2015-11-11 00:01:33",1
"2015-11-11 00:01:34",6
"2015-11-11 00:01:35",6
"2015-11-11 00:01:36",5
"2015-11-11 00:01:37",1
"2015-11-11 00:01:38",3
"2015-11-11 00:01:39",2
"2015-11-11 00:01:40",2
"2015-11-11 00:01:41",3
"2015-11-11 00:01:42",2
"2015-11-11 00:01:44",3
"2015-11-11 00:01:45",1
"2015-11-11 00:01:47",2
"2015-11-11 00:01:48",3
"2015-11-11 00:01:49",1
"2015-11-11 00:01:50",2
"2015-11-11 00:01:51",2
"2015-11-11 00:01:53",3
"2015-11-11 00:01:54",2
"2015-11-11 00:01:55",2
"2015-11-11 00:01:57",1
"2015-11-11 00:01:59",3
"2015-11-11 00:02:00",1
"2015-11-11 00:02:04",2
"2015-11-11 00:02:05",1
"2015-11-11 00:02:06",2
"2015-11-11 00:02:07",1
"2015-11-11 00:02:10",1
"2015-11-11 00:02:11",3
"2015-11-11 00:02:12",2
"2015-11-11 00:02:13",1
"2015-11-11 00:02:16",3
"2015-11-11 00:02:18",1
"2015-11-11 00:02:19",2
"2015-11-11 00:02:20",3
"2015-11-11 00:02:21",4
"2015-11-11 00:02:22",2
"2015-11-11 00:02:24",1
"2015-11-11 00:02:25",2
"2015-11-11 00:02:26",1
"2015-11-11 00:02:30",2
"2015-11-11 00:02:31",2
"2015-11-11 00:02:32",2
"2015-11-11 00:02:33",1
"2015-11-11 00:02:34",1
"2015-11-11 00:02:37",1
"2015-11-11 00:02:38",2
"2015-11-11 00:02:39",1
"2015-11-11 00:02:40",1
"2015-11-11 00:02:42",2
"2015-11-11 00:02:43",1
"2015-11-11 00:02:45",2
"2015-11-11 00:02:46",2
"2015-11-11 00:02:47",1
"2015-11-11 00:02:48",1
"2015-11-11 00:02:52",1
"2015-11-11 00:02:53",1
"2015-11-11 00:02:56",2
"2015-11-11 00:02:59",1
"2015-11-11 00:03:00",2
"2015-11-11 00:03:02",1
"2015-11-11 00:03:07",1
"2015-11-11 00:03:09",1
"2015-11-11 00:03:12",1
"2015-11-11 00:03:13",1
"2015-11-11 00:03:14",2
"2015-11-11 00:03:15",1
"2015-11-11 00:03:17",1
"2015-11-11 00:03:20",2
"2015-11-11 00:03:22",1
"2015-11-11 00:03:23",1
"2015-11-11 00:03:24",1
"2015-11-11 00:03:26",1
"2015-11-11 00:03:27",2
"2015-11-11 00:03:28",1
"2015-11-11 00:03:29",1
"2015-11-11 00:03:32",2
"2015-11-11 00:03:33",1
"2015-11-11 00:03:34",2
"2015-11-11 00:03:36",1
"2015-11-11 00:03:37",1
"2015-11-11 00:03:42",2
"2015-11-11 00:03:43",2
"2015-11-11 00:03:45",3
"2015-11-11 00:03:46",2
"2015-11-11 00:03:47",1
"2015-11-11 00:03:50",1
"2015-11-11 00:03:51",1
"2015-11-11 00:03:52",3
"2015-11-11 00:03:53",1
"2015-11-11 00:03:54",1
"2015-11-11 00:03:56",1
"2015-11-11 00:03:57",1
"2015-11-11 00:03:58",2
"2015-11-11 00:04:04",2
"2015-11-11 00:04:05",1
"2015-11-11 00:04:08",3
"2015-11-11 00:04:09",1
"2015-11-11 00:04:13",1
"2015-11-11 00:04:14",1
"2015-11-11 00:04:18",3
"2015-11-11 00:04:19",1
"2015-11-11 00:04:20",1
"2015-11-11 00:04:21",3
"2015-11-11 00:04:23",1
"2015-11-11 00:04:24",2
"2015-11-11 00:04:25",1
"2015-11-11 00:04:27",1
"2015-11-11 00:04:28",2
"2015-11-11 00:04:33",2
"2015-11-11 00:04:34",1
"2015-11-11 00:04:40",2
"2015-11-11 00:04:42",2
"2015-11-11 00:04:43",1
"2015-11-11 00:04:44",2
"2015-11-11 00:04:49",2
"2015-11-11 00:04:50",1
"2015-11-11 00:04:51",1
"2015-11-11 00:04:52",1
"2015-11-11 00:04:53",1
"2015-11-11 00:04:54",1
"2015-11-11 00:04:57",2
"2015-11-11 00:05:00",1
"2015-11-11 00:05:04",2
"2015-11-11 00:05:05",1
"2015-11-11 00:05:12",1
"2015-11-11 00:05:13",2
"2015-11-11 00:05:15",1
"2015-11-11 00:05:17",1
"2015-11-11 00:05:18",1
"2015-11-11 00:05:19",2
"2015-11-11 00:05:21",2
"2015-11-11 00:05:23",2
"2015-11-11 00:05:26",2
"2015-11-11 00:05:28",1
"2015-11-11 00:05:30",1
"2015-11-11 00:05:32",1
"2015-11-11 00:05:35",2
"2015-11-11 00:05:36",1
"2015-11-11 00:05:37",3
"2015-11-11 00:05:44",1
"2015-11-11 00:05:48",1
"2015-11-11 00:05:50",1
"2015-11-11 00:05:52",1
"2015-11-11 00:05:54",3
"2015-11-11 00:05:56",1
"2015-11-11 00:05:58",1
"2015-11-11 00:06:02",1
"2015-11-11 00:06:04",1
"2015-11-11 00:06:08",2
"2015-11-11 00:06:11",1
"2015-11-11 00:06:15",1
"2015-11-11 00:06:16",1
"2015-11-11 00:06:18",1
"2015-11-11 00:06:19",1
"2015-11-11 00:06:26",1
"2015-11-11 00:06:27",2
"2015-11-11 00:06:28",1
"2015-11-11 00:06:29",2
"2015-11-11 00:06:31",1
"2015-11-11 00:06:33",1
